Activity Date,Activity Name,Activity Type,Activity Description,Elapsed Time,Distance,Relative Effort,Commute,Activity Gear,Athlete Weight,Bike Weight,Elapsed Time,Moving Time,Distance,Max Speed,Average Speed,Elevation Gain,Elevation Loss,Elevation Low,Elevation High,Max Grade,Average Grade,Average Positive Grade,Average Negative Grade,Max Cadence,Average Cadence,Max Heart Rate,Average Heart Rate,Max Watts,Average Watts,Calories,Max Temperature,Average Temperature,Relative Effort,Total Work,Number of Runs,Uphill Time,Downhill Time,Other Time,Perceived Exertion,"<span class=""translation_missing"" title=""translation missing: en-US.lib.export.portability_exporter.activities.horton_values.type"">Type</span>","<span class=""translation_missing"" title=""translation missing: en-US.lib.export.portability_exporter.activities.horton_values.start_time"">Start Time</span>",Weighted Average Power,Power Count,Prefer Perceived Exertion,Perceived Relative Effort,Commute,Total Weight Lifted,From Upload,Grade Adjusted Distance,Weather Observation Time,Weather Condition,Weather Temperature,Apparent Temperature,Dewpoint,Humidity,Weather Pressure,Wind Speed,Wind Gust,Wind Bearing,Precipitation Intensity,Sunrise Time,Sunset Time,Moon Phase,Bike,Gear,Precipitation Probability,Precipitation Type,Cloud Cover,Weather Visibility,UV Index,Weather Ozone,"<span class=""translation_missing"" title=""translation missing: en-US.lib.export.portability_exporter.activities.horton_values.jump_count"">Jump Count</span>","<span class=""translation_missing"" title=""translation missing: en-US.lib.export.portability_exporter.activities.horton_values.total_grit"">Total Grit</span>","<span class=""translation_missing"" title=""translation missing: en-US.lib.export.portability_exporter.activities.horton_values.avg_flow"">Avg Flow</span>","<span class=""translation_missing"" title=""translation missing: en-US.lib.export.portability_exporter.activities.horton_values.flagged"">Flagged</span>"
"Aug 1, 2019, 3:51:15 PM",Afternoon Ride,Ride,,50436,8.14,,false,,0,,50436,38641,8143.7001953125,14.1999998092651,,29.8293285369873,,605.700012207031,704.5,21.7000007629395,-1.03392803668976,,,,,,,,,,,,,,,,,,,,,,,,,,,,,,,,,,,,,,,,,,,,,,,,,,,,,,
"Aug 2, 2019, 5:53:50 AM",Morning Ride,Ride,,1745,7.96,,false,,0,,1745,1682,7960.2998046875,13.8000001907349,,128.794342041016,,584.299987792969,704.5,13,1.18462872505188,,,,,,,,,,,,,,,,,,,,,,,,,,,,,,,,,,,,,,,,,,,,,,,,,,,,,,
"Aug 2, 2019, 1:15:49 PM",Afternoon Ride,Ride,,944,6.97,,false,,0,,944,944,6969.60009765625,14.8999996185303,,17.2106056213379,,584.299987792969,704.5,10.5,-1.59837007522583,,,,,,,,,,,,,,,,,,,,,,,,,,,,,,,,,,,,,,,,,,,,,,,,,,,,,,
"Aug 12, 2019, 3:58:59 PM",Afternoon Ride,Ride,,4170,10.52,,false,,0,,4170,3003,10528.7998046875,11.8000001907349,,62.2989234924316,,765.5,794.599975585938,7.19999980926514,-0.029443051666021,,,,,,,,,,,,,,,,,,,,,,,,,,,,,,,,,,,,,,,,,,,,,,,,,,,,,,
"Aug 19, 2019, 5:24:35 AM",Morning Ride,Ride,,1744,7.62,,true,,0,,1744,1611,7628.7001953125,12,,128.799362182617,,584.299987792969,704.5,12.8999996185303,1.33181273937225,,,,,,,,,,,,,,,,,,,,,,,,,,,,,,,,,,,,,,,,,,,,,,,,,,,,,,
"Aug 19, 2019, 1:29:48 PM",Afternoon Ride,Ride,,1046,7.62,,true,,0,,1046,1038,7620.2998046875,13.8999996185303,,30.4258460998535,,584.299987792969,704.5,10.1000003814697,-1.30965971946716,,,,,,,,,,,,,,,,,,,,,,,,,,,,,,,,,,,,,,,,,,,,,,,,,,,,,,
"Aug 21, 2019, 2:20:31 PM",Afternoon Ride,Ride,,508,2.28,,false,,0,,508,474,2286.19995117187,13.3999996185303,,25.7904281616211,,682.599975585937,704.5,12.6999998092651,-0.135596185922623,,,,,,,,,,,,,,,,,,,,,,,,,,,,,,,,,,,,,,,,,,,,,,,,,,,,,,
"Aug 23, 2019, 5:37:38 AM",Morning Ride,Ride,,1825,8.43,,true,,0,,1825,1697,8429.599609375,31.2999992370605,,132.185394287109,,584.099975585938,704.5,17.2000007629395,1.20646297931671,,,,,,,,,,,,,,,,,,,,,,,,,,,,,,,,,,,,,,,,,,,,,,,,,,,,,,
"Aug 23, 2019, 1:23:22 PM",Afternoon Ride,Ride,,1198,7.72,,true,,0,,1198,1147,7728.7001953125,14.8999996185303,,30.7864208221436,,584.299987792969,704.5,11.1999998092651,-1.29258477687836,,,,,,,,,,,,,,,,,,,,,,,,,,,,,,,,,,,,,,,,,,,,,,,,,,,,,,
"Aug 27, 2019, 5:43:31 AM",Morning Ride,Ride,,2365,7.97,,false,,0,,2365,1862,7977.2001953125,12.6999998092651,,128.900421142578,,584.299987792969,704.5,13.1999998092651,1.18086540699005,,,,,,,,,,,,,,,,,,,,,,,,,,,,,,,,,,,,,,,,,,,,,,,,,,,,,,
"Aug 27, 2019, 1:28:33 PM",Afternoon Ride,Ride,,1264,7.78,,true,,0,,1264,1206,7781.10009765625,14,,33.9264030456543,,584.299987792969,704.5,10.3000001907349,-1.23504388332367,,,,,,,,,,,,,,,,,,,,,,,,,,,,,,,,,,,,,,,,,,,,,,,,,,,,,,
"Aug 28, 2019, 5:40:07 AM",Morning Ride,Ride,,1782,7.78,,false,,0,,1782,1714,7788.60009765625,12.3999996185303,,129.075744628906,,584.299987792969,704.5,11.3000001907349,1.29034745693207,,,,,,,,,,,,,,,,,,,,,,,,,,,,,,,,,,,,,,,,,,,,,,,,,,,,,,
"Aug 28, 2019, 1:13:07 PM",Afternoon Ride,Ride,,1185,7.72,,true,,0,,1185,1127,7723.10009765625,14,,30.7431392669678,,584.299987792969,704.5,10.5,-1.29093241691589,,,,,,,,,,,,,,,,,,,,,,,,,,,,,,,,,,,,,,,,,,,,,,,,,,,,,,
"Aug 29, 2019, 5:47:03 AM",Morning Ride,Ride,,1866,7.87,,true,,0,,1866,1712,7874.7998046875,12.5,,128.508865356445,,584.299987792969,704.5,12.5,1.27622294425964,,,,,,,,,,,,,,,,,,,,,,,,,,,,,,,,,,,,,,,,,,,,,,,,,,,,,,
"Aug 29, 2019, 1:41:16 PM",Afternoon Ride,Ride,,1321,8.03,,true,,0,,1321,1256,8031.2998046875,13.6999998092651,,40.9491081237793,,584.299987792969,704.5,11.3999996185303,-1.14925348758698,,,,,,,,,,,,,,,,,,,,,,,,,,,,,,,,,,,,,,,,,,,,,,,,,,,,,,
"Aug 30, 2019, 6:14:13 AM",Morning Ride,Ride,,1875,7.81,,true,,0,,1875,1807,7810,14.3999996185303,,128.563110351563,,584.299987792969,704.400024414062,17,1.28553140163422,,,,,,,,,,,,,,,,,,,,,,,,,,,,,,,,,,,,,,,,,,,,,,,,,,,,,,
"Aug 30, 2019, 1:34:35 PM",Afternoon Ride,Ride,,1227,7.71,,true,,0,,1227,1186,7710.10009765625,12.8999996185303,,30.344310760498,,584.299987792969,704.5,11.6999998092651,-1.30089104175568,,,,,,,,,,,,,,,,,,,,,,,,,,,,,,,,,,,,,,,,,,,,,,,,,,,,,,
"Sep 2, 2019, 5:39:30 AM",Morning Ride,Ride,,1920,7.9,,true,,0,,1920,1813,7900,13.1999998092651,,135.064437866211,,584.299987792969,704.5,42.0999984741211,1.1936708688736,,,,,,,,,,,,,,,,,,,,,,,,,,,,,,,,,,,,,,,,,,,,,,,,,,,,,,
"Sep 2, 2019, 1:59:28 PM",Afternoon Ride,Ride,,1192,7.78,,true,,0,,1192,1147,7785.7998046875,14.6000003814697,,30.2952690124512,,584.299987792969,704.5,10.3999996185303,-1.28567397594452,,,,,,,,,,,,,,,,,,,,,,,,,,,,,,,,,,,,,,,,,,,,,,,,,,,,,,
"Sep 3, 2019, 5:43:07 AM",Morning Ride,Ride,,1873,8.07,,true,,0,,1873,1787,8073.2998046875,10.3999996185303,,128.894424438477,,584.400024414063,704.5,18.2999992370605,1.21387779712677,,,,,,,,,,,,,,,,,,,,,,,,,,,,,,,,,,,,,,,,,,,,,,,,,,,,,,
"Sep 5, 2019, 5:53:16 AM",Morning Ride,Ride,,2198,8,,true,,0,,2198,1782,8002.5,14.1999998092651,,127.623054504395,,584.299987792969,703,13.3000001907349,1.17713212966919,,,,,,,,,,,,,,,,,,,,,,,,,,,,,,,,,,,,,,,,,,,,,,,,,,,,,,
"Sep 5, 2019, 1:57:55 PM",Afternoon Ride,Ride,,1094,7.07,,true,,0,,1094,1087,7077.5,12.5,,17.0833339691162,,584.299987792969,704.5,10.8000001907349,-1.56976330280304,,,,,,,,,,,,,,,,,,,,,,,,,,,,,,,,,,,,,,,,,,,,,,,,,,,,,,
"Sep 6, 2019, 5:24:54 AM",Morning Ride,Ride,,1908,8,,true,,0,,1908,1832,8000.60009765625,14.6999998092651,,132.454864501953,,584.400024414063,704.5,32.9000015258789,1.17866158485413,,,,,,,,,,,,,,,,,,,,,,,,,,,,,,,,,,,,,,,,,,,,,,,,,,,,,,
"Sep 6, 2019, 2:13:00 PM",Afternoon Ride,Ride,,1223,7.77,,true,,0,,1223,1180,7771.2001953125,13.1000003814697,,30.445671081543,,584.299987792969,704.5,11,-1.28422892093658,,,,,,,,,,,,,,,,,,,,,,,,,,,,,,,,,,,,,,,,,,,,,,,,,,,,,,
"Sep 12, 2019, 5:47:35 AM",Morning Ride,Ride,,2526,8.04,,true,,0,,2526,1994,8045,14.1999998092651,,133.196624755859,,584.299987792969,704.5,42.9000015258789,1.19701683521271,,,,,,,,,,,,,,,,,,,,,,,,,1,,,,,,,,,,,,,,,,,,,,,,,,,,,,,
"Sep 12, 2019, 4:15:12 PM",Evening Ride,Ride,,1233,7.85,,true,,0,,1233,1198,7855.39990234375,13,,30.5157413482666,,584.299987792969,704.5,10.3999996185303,-1.27682864665985,,,,,,,,,,,,,,,,,,,,,,,,,1,,,,,,,,,,,,,,,,,,,,,,,,,,,,,
"Sep 17, 2019, 6:02:53 AM",Morning Ride,Ride,,2368,8.07,,true,,0,,2368,1895,8071.39990234375,13.1999998092651,,129.022354125977,,584.299987792969,704.5,11.1999998092651,1.17575633525848,,,,,,,,,,,,,,,,,,,,,,,,,1,,,,,,,,,,,,,,,,,,,,,,,,,,,,,
"Sep 19, 2019, 5:47:15 AM",Morning Ride,Ride,,2090,7.79,,true,,0,,2090,1949,7791.89990234375,13.3999996185303,,128.734329223633,,584.299987792969,704.5,11.6999998092651,1.24488246440887,,,,,,,,,,,,,,,,,,,,,,,,,1,,,,,,,,,,,,,,,,,,,,,,,,,,,,,
"Sep 17, 2019, 4:31:08 PM",Evening Ride,Ride,,1556,8.03,,true,,0,,1556,1467,8036.2001953125,12,,49.2150344848633,,584.299987792969,704.5,10.6999998092651,-1.04402577877045,,,,,,,,,,,,,,,,,,,,,,,,,1,,,,,,,,,,,,,,,,,,,,,,,,,,,,,
"Sep 19, 2019, 4:39:00 PM",Evening Ride,Ride,,1392,7.88,,true,,0,,1392,1282,7882.89990234375,13.6999998092651,,32.7783393859863,,584.299987792969,704.5,10.1000003814697,-1.23178017139435,,,,,,,,,,,,,,,,,,,,,,,,,1,,,,,,,,,,,,,,,,,,,,,,,,,,,,,
"Sep 23, 2019, 6:16:44 AM",Morning Ride,Ride,,3041,8.05,,true,,0,,3041,2077,8052.10009765625,9.5,,129.534423828125,,584.299987792969,703.200012207031,12.6999998092651,1.1860259771347,,,,,,,,,,,,,,,,,,,,,,,,,1,,,,,,,,,,,,,,,,,,,,,,,,,,,,,
"Sep 23, 2019, 5:01:43 PM",Evening Ride,Ride,,1246,7.78,,false,,0,,1246,1246,7787.7001953125,11.6000003814697,,33.636474609375,,584.299987792969,703.200012207031,9.80000019073486,-1.22372460365295,,,,,,,,,,,,,,,,,,,,,,,,,0,,,,,,,,,,,,,,,,,,,,,,,,,,,,,
"Sep 24, 2019, 5:45:19 AM",Morning Ride,Ride,,2023,7.77,,true,,0,,2023,1857,7778.2001953125,8.69999980926514,,131.052093505859,,584.299987792969,703.200012207031,41.2999992370605,1.19822061061859,,,,,,,,,,,,,,,,,,6,,,,,0,49,1,,,,,,,,,,,,,,,,,,,,,,,,,,,,,
"Sep 24, 2019, 4:31:51 PM",Evening Ride,Ride,,934,6.44,,false,,0,,934,902,6445.7998046875,12.5,,25.3788757324219,,604.5,703.200012207031,11.1000003814697,-1.26594066619873,,,,,,,,,,,,,,,,,,,,,,,0,,0,,,,,,,,,,,,,,,,,,,,,,,,,,,,,
"Sep 26, 2019, 5:39:47 AM",Morning Ride,Ride,,2694,7.92,,false,,0,,2694,1984,7923.2001953125,7.40000009536743,,134.584030151367,,584.299987792969,703.200012207031,33.2999992370605,1.18512725830078,,,,,,,,,,,,,,,,,,,,,,,0,,0,,,,,,,,,,,,,,,,,,,,,,,,,,,,,
"Sep 26, 2019, 4:32:00 PM",Evening Ride,Ride,,1171,7.67,,false,,0,,1171,1171,7675.7001953125,11.6999998092651,,28.7389602661133,,584.299987792969,703.200012207031,12.5,-1.2910875082016,,,,,,,,,,,,,,,,,,,,,,,0,,0,,,,,,,,,,,,,,,,,,,,,,,,,,,,,
"Sep 30, 2019, 5:57:08 AM",Morning Ride,Ride,,1978,7.81,,false,,0,,1978,1840,7817.39990234375,10.1999998092651,,130.812561035156,,584.299987792969,703.200012207031,41.4000015258789,1.19093298912048,,,,,,,,,,,,,,,,,,,,,,,0,,0,,,,,,,,,,,,,,,,,,,,,,,,,,,,,
"Sep 30, 2019, 4:31:34 PM",Evening Ride,Ride,,1202,7.77,,false,,0,,1202,1152,7770.2001953125,12.6999998092651,,31.8167896270752,,584.299987792969,703.200012207031,13.3000001907349,-1.25093305110931,,,,,,,,,,,,,,,,,,,,,,,0,,0,,,,,,,,,,,,,,,,,,,,,,,,,,,,,
"Oct 1, 2019, 5:59:07 AM",Morning Ride,Ride,,2639,7.85,,false,,0,,2639,1988,7857.5,8.80000019073486,,127.587425231934,,584.299987792969,703.200012207031,12.6000003814697,1.20012724399567,,,,,,,,,,,,,,,,,,,,,,,0,,0,,,,,,,,,,,,,,,,,,,,,,,,,,,,,
"Oct 1, 2019, 4:57:19 PM",Evening Ride,Ride,,1325,7.75,,false,,0,,1325,1211,7757.7001953125,11.6000003814697,,31.580530166626,,584.299987792969,703.200012207031,14.3000001907349,-1.26455008983612,,,,,,,,,,,,,,,,,,,,,,,0,,0,,,,,,,,,,,,,,,,,,,,,,,,,,,,,
"Sep 28, 2019, 8:57:32 AM",Morning Run,Run,,3048,3.36,,false,,0,,3048,2808,3368.89990234375,2,,30,36,573.400024414063,603.799987792969,30,-0.1127964630723,,,,11,,,,,221,,26,,,,,,,,,,,,,,0,,,,,,,,,,,,,,,,,,,,,,,,,,,,,
"Oct 6, 2019, 7:38:19 AM",Morning Walk,Walk,,22379,15.2,,false,,,,22379,13920,15207.900390625,2,,1738,,540.099975585938,864.700012207031,49.7999992370606,-0.301159262657165,,,,,,,,,0,,,,,,,,,,,,,,,,0,,,,,,,,,,,,,,,,,,,,,,,,,,,,,
"Oct 8, 2019, 5:39:15 AM",Morning Ride,Ride,,1919,7.91,,false,,0,,1919,1860,7918.39990234375,13.5,,127.276626586914,,584.299987792969,703.200012207031,13.1999998092651,1.11007273197174,,,,,,,,,,,,,,,,,,,,,,,0,,0,,,,,,,,,,,,,,,,,,,,,,,,,,,,,
"Oct 8, 2019, 3:57:57 PM",Afternoon Ride,Ride,,1203,7.77,,false,,0,,1203,1203,7775.7998046875,11.8999996185303,,30.3680667877197,,584.299987792969,703.200012207031,17.2000007629395,-1.28089714050293,,,,,,,,,,,,,,,,,,,,,,,0,,0,,,,,,,,,,,,,,,,,,,,,,,,,,,,,
"Oct 10, 2019, 5:48:54 AM",Morning Ride,Ride,,2173,7.8,,false,,0,,2173,2004,7800.60009765625,8.10000038146973,,127.625152587891,,584.299987792969,703.200012207031,13.1000003814697,1.23067450523376,,,,,,,,,,,,,,,,,,,,,,,0,,0,,,,,,,,,,,,,,,,,,,,,,,,,,,,,
"Oct 10, 2019, 4:15:00 PM",Evening Ride,Ride,,1220,7.61,,false,,0,,1220,1148,7617.39990234375,11.5,,30.1120319366455,,584.299987792969,703.200012207031,15.6000003814697,-1.31147110462189,,,,,,,,,,,,,,,,,,,,,,,0,,0,,,,,,,,,,,,,,,,,,,,,,,,,,,,,
"Oct 11, 2019, 5:25:27 AM",Morning Ride,Ride,,2546,8.14,,false,,0,,2546,2044,8144.2001953125,13.1000003814697,,127.295791625977,,584.299987792969,703.200012207031,12.8000001907349,1.04859900474548,,,,,,,,,,,,,,,,,,,,,,,0,,0,,,,,,,,,,,,,,,,,,,,,,,,,,,,,
"Oct 11, 2019, 1:10:43 PM",Afternoon Ride,Ride,,1290,7.77,,true,,0,,1290,1218,7769.2998046875,11.3999996185303,,32.9348297119141,,584.299987792969,703.200012207031,12.1999998092651,-1.24721658229828,,,,,,,,,,,,,,,,,,,,,,,0,,1,,,,,,,,,,,,,,,,,,,,,,,,,,,,,
"Oct 15, 2019, 5:51:08 AM",Morning Ride,Ride,,2203,7.6,,false,,0,,2203,2143,7600.39990234375,8.69999980926514,,127.1630859375,,584.299987792969,703.200012207031,12.5,1.29072153568268,,,,,,,,,,,,,,,,,,,,,,,0,,0,,,,,,,,,,,,,,,,,,,,,,,,,,,,,
"Oct 15, 2019, 4:20:48 PM",Evening Ride,Ride,,1274,7.68,,false,,0,,1274,1090,7688,12.1999998092651,,29.4105186462402,,584.299987792969,703.200012207031,14,-1.29682624340057,,,,,,,,,,,,,,,,,,,,,,,0,,0,,,,,,,,,,,,,,,,,,,,,,,,,,,,,
"Oct 17, 2019, 5:40:49 AM",Morning Ride,Ride,,2540,7.9,,false,,0,,2540,1873,7905.60009765625,8.5,,129.276702880859,,584.299987792969,703.200012207031,13,1.21179926395416,,,,,,,,,,,,,,,,,,,,,,,0,,0,,,,,,,,,,,,,,,,,,,,,,,,,,,,,
"Oct 17, 2019, 4:03:37 PM",Evening Ride,Ride,,1197,7.7,,false,,0,,1197,1155,7700.5,12.1000003814697,,29.3450946807861,,584.299987792969,703.200012207031,16.2000007629395,-1.29601979255676,,,,,,,,,,,,,,,,,,,,,,,0,,0,,,,,,,,,,,,,,,,,,,,,,,,,,,,,
"Oct 18, 2019, 12:59:22 PM",Afternoon Ride,Ride,,1125,7.73,,false,,0,,1125,1076,7735.2001953125,12.8999996185303,,29.9502334594727,,584.299987792969,703.200012207031,16.5,-1.2824490070343,,,,,,,,,,,,,,,,,,,,,,,0,,0,,,,,,,,,,,,,,,,,,,,,,,,,,,,,
"Oct 29, 2019, 6:21:05 AM",Morning Ride,Ride,,1856,7.9,,false,,0,,1856,1789,7902.60009765625,12.1000003814697,,127.180618286133,,584.400024414063,703.200012207031,12.6999998092651,1.1122921705246,,,,,,,,,,,,,,,,,,,,,,,0,,0,,,,,,,,,,,,,,,,,,,,,,,,,,,,,
"Oct 29, 2019, 5:37:13 PM",Evening Ride,Ride,,1262,7.82,,false,,0,,1262,1237,7825.39990234375,10.8999996185303,,29.6276741027832,,584.299987792969,703.200012207031,12.6000003814697,-1.32517182826996,,,,,,,,,,,,,,,,,,,,,,,0,,0,,,,,,,,,,,,,,,,,,,,,,,,,,,,,
"Oct 31, 2019, 6:30:09 AM",Morning Ride,Ride,,2189,7.97,,false,,0,,2189,2124,7974.89990234375,8.30000019073486,,127.226982116699,,584.299987792969,703.200012207031,12.3000001907349,1.12477898597717,,,,,,,,,,,,,,,,,,,,,,,0,,0,,,,,,,,,,,,,,,,,,,,,,,,,,,,,
"Oct 31, 2019, 4:14:57 PM",Afternoon Ride,Ride,,1297,7.86,,false,,0,,1297,1229,7861.89990234375,11.6000003814697,,35.7553405761719,,584.299987792969,703.200012207031,10.1000003814697,-1.19563972949982,,,,,,,,,,,,,,,,,,,,,,,0,,0,,,,,,,,,,,,,,,,,,,,,,,,,,,,,
"Nov 5, 2019, 6:28:17 AM",Morning Ride,Ride,,2126,7.89,,false,,0,,2126,1986,7893.2998046875,9.19999980926514,,127.164703369141,,584.299987792969,703.200012207031,12.3000001907349,1.1427413225174,,,,,,,,,,,,,,,,,,,,,,,0,,0,,,,,,,,,,,,,,,,,,,,,,,,,,,,,
"Nov 5, 2019, 5:02:19 PM",Evening Ride,Ride,,1392,7.9,,false,,0,,1392,1232,7903.89990234375,10.6999998092651,,31.0487766265869,,584.400024414063,703.200012207031,12.8999996185303,-1.3196017742157,,,,,,,,,,,,,,,,,,,,,,,0,,0,,,,,,,,,,,,,,,,,,,,,,,,,,,,,
"Nov 6, 2019, 6:11:42 AM",Morning Ride,Ride,,2047,4.16,,false,,0,,2047,959,4161.7001953125,7.5,,64.9198684692383,,584.400024414063,645.900024414063,12.3000001907349,1.28553235530853,,,,,,,,,,,,,,,,,,,,,,,0,,0,,,,,,,,,,,,,,,,,,,,,,,,,,,,,
"Nov 6, 2019, 4:50:29 PM",Afternoon Ride,Ride,,1221,7.86,,false,,0,,1221,1205,7866.10009765625,11.1000003814697,,32.4407157897949,,584.299987792969,703.200012207031,11.6000003814697,-1.3322993516922,,,,,,,,,,,,,,,,,,,,,,,0,,0,,,,,,,,,,,,,,,,,,,,,,,,,,,,,
"Nov 7, 2019, 6:24:54 AM",Morning Ride,Ride,,1923,7.94,,false,,0,,1923,1886,7947.7998046875,9.89999961853027,,127.156265258789,,584.400024414063,703.200012207031,12.8999996185303,1.06067085266113,,,,,,,,,,,,,,,,,,,,,,,0,,0,,,,,,,,,,,,,,,,,,,,,,,,,,,,,
"Nov 7, 2019, 4:23:40 PM",Afternoon Ride,Ride,,1112,7.42,,false,,0,,1112,1078,7428.2998046875,11.8999996185303,,26.6964683532715,,584.299987792969,703.200012207031,7.69999980926514,-1.37043464183807,,,,,,,,,,,,,,,,,,,,,,,0,,0,,,,,,,,,,,,,,,,,,,,,,,,,,,,,
"Nov 8, 2019, 6:04:38 AM",Morning Ride,Ride,,2038,7.87,,false,,0,,2038,2020,7870.2001953125,10.1000003814697,,131.293167114258,,584.299987792969,703.200012207031,25.7999992370605,1.1460953950882,,,,,,,,,,,,,,,,,,,,,,,0,,0,,,,,,,,,,,,,,,,,,,,,,,,,,,,,
"Nov 11, 2019, 6:31:13 AM",Morning Ride,Ride,,2972,8.65,,false,,0,,2972,2331,8655.400390625,10,,133.02311706543,,584.299987792969,703.200012207031,12.6999998092651,1.09873604774475,,,,,,,,,,,,,,,,,,,,,,,0,,0,,,,,,,,,,,,,,,,,,,,,,,,,,,,,
"Nov 11, 2019, 4:55:43 PM",Afternoon Ride,Ride,,1221,7.71,,false,,0,,1221,1188,7709.5,11.5,,31.3990268707275,,584.299987792969,703.200012207031,12.3999996185303,-1.26986181735992,,,,,,,,,,,,,,,,,,,,,,,0,,0,,,,,,,,,,,,,,,,,,,,,,,,,,,,,
"Nov 19, 2019, 6:26:35 AM",Morning Ride,Ride,,2329,8.25,,false,,0,,2329,1983,8252.2001953125,10.8999996185303,4.16147232055664,130.033096313477,,584.299987792969,703.200012207031,12.6000003814697,1.13909018039703,,,,,,,,,,,,,,,,,,,,,,,0,,0,,,,,,,,,,,,,,,,,,,,,,,,,,,,,
"Jan 31, 2020, 2:09:01 PM",Afternoon Ride,Ride,,1259,8,,false,,0,,1259,1228,8008.7998046875,18.7999992370605,6.52182388305664,29.3656177520752,,584.400024414063,703.200012207031,8.10000038146973,-1.30231750011444,,,,,,,,,,,,,,,,,,,,,,,0,,0,,1,,,,,,,,,,,,,,,,,,,,,,,,,,,
"Feb 4, 2020, 5:55:15 AM",Morning Ride,Ride,,1678,6.93,,false,,0,,1678,1665,6936.2998046875,8.60000038146973,4.1659460067749,127.055183410645,,584.299987792969,703.200012207031,11.6000003814697,1.49070835113525,,,,,,,,,,,,,,,,,,,,,,,0,,0,,1,,,,,,,,,,,,,,,,,,,,,,,,,,,
"Feb 4, 2020, 4:55:35 PM",Afternoon Ride,Ride,,1162,7.62,,false,,0,,1162,1105,7624.2001953125,12.3000001907349,6.89972829818726,26.9573020935059,,584.400024414063,703.200012207031,8.30000019073486,-1.31030142307282,,,,,,,,,,,,,,,,,,,,,,,0,,0,,1,,,,,,,,,,,,,,,,,,,,,,,,,,,
"Feb 6, 2020, 6:50:14 AM",Morning Ride,Ride,,673,2.53,,false,,0,,673,613,2530.5,8.19999980926514,4.12805891036987,44.5177764892578,,584.299987792969,621,18.2000007629395,0.908911287784576,,,,,,,,,,,,,,,,,,,,,,,0,,0,,1,,,,,,,,,,,,,,,,,,,,,,,,,,,
"Feb 7, 2020, 7:19:15 AM",Morning Ride,Ride,,2087,8.14,,false,,0,,2087,2058,8147.89990234375,8.5,3.95913505554199,132.726455688477,39.6259994506836,584.299987792969,703.200012207031,12.6999998092651,1.14262568950653,,,,,,,,,,,,,,,,,,,,,,,0,,0,,1,,,,,,,,,,,,,,,,,,,,,,,,,,,
"Feb 7, 2020, 3:46:53 PM",Afternoon Ride,Ride,,1254,7.82,,false,,0,,1254,1229,7824.7001953125,11.3000001907349,6.36672067642212,29.2501621246338,131.750198364258,584.400024414063,703.200012207031,6.90000009536743,-1.30995440483093,,,,,,,,,,,,,,,,,,,,,,,0,,0,,1,,,,,,,,,,,,,,,,,,,,,,,,,,,
"Feb 14, 2020, 7:01:41 AM",Morning Ride,Ride,,2006,8.03,,false,,0,,2006,2000,8037.7998046875,9,4.01889991760254,135.180953979492,38.1809997558594,584.299987792969,703.200012207031,12.1999998092651,1.20679783821106,,,,,,,,,,,,,,,,,,,,,,,0,,0,,1,,,,,,,,,,,,,,,,,,,,,,,,,,,
"Feb 14, 2020, 1:56:43 PM",Afternoon Ride,Ride,,1192,7.79,,false,,0,,1192,1176,7794.7001953125,11.5,6.62814617156982,25.9091777801514,130.60920715332,584.299987792969,703.200012207031,9.10000038146973,-1.34322035312653,,,,,,,,,,,,,,,,,,,,,,,0,,0,,1,,,,,,,,,,,,,,,,,,,,,,,,,,,
"Feb 26, 2020, 10:07:51 AM",Lunch Hike,Hike,,12902,9.11,,false,,,,12902,8444,9117.099609375,10.8999996185303,1.07971346378326,207.611511230469,183.511993408203,1164.5,1279.40002441406,40.4000015258789,0.264338433742523,,,,,,,,,0,,,,,,,,,,,,,,0,,0,,1,,,,,,,,,,,,,,,,,,,,,,,,,,,
"Feb 28, 2020, 6:49:13 AM",Morning Hike,Ride,,1973,7.77,,false,,0,,1973,1973,7778.39990234375,7.69999980926514,3.94242262840271,127.112335205078,32.3120002746582,584.299987792969,703.200012207031,12.8000001907349,1.21875965595245,,,,,,,,,0,,,,,,,,,,,,,,0,,0,,1,,,,,,,,,,,,,,,,,,,,,,,,,,,
"Feb 28, 2020, 2:17:40 PM",Afternoon Hike,Ride,,1228,7.71,,false,,0,,1228,1228,7709,11.1000003814697,6.27768707275391,29.2251091003418,130.025100708008,584.299987792969,703.200012207031,7.69999980926514,-1.30756258964539,,,,,,,,,0,,,,,,,,,,,,,,0,,0,,1,,,,,,,,,,,,,,,,,,,,,,,,,,,
"Sep 3, 2020, 6:12:53 AM",Morning Ride,Ride,,2001,7.98,,false,,,,2001,1986,7987.2001953125,8.5,4.02175235748291,122.577140808105,35.0771446228027,586.400024414063,704.900024414063,11,1.09550285339355,,,,,,,,,,,,,,,,,,,,,,,0,,0,,1,,,,,,,,,,,,,,,,,,,,,,,,,,,
"Sep 3, 2020, 1:23:12 PM",Afternoon Ride,Ride,,197,0.59,,false,,,,197,191,596.599975585938,6.5,3.12356019020081,9.60999965667725,5.71000003814697,691.099975585938,701.099975585938,12.8000001907349,0.653704345226288,,,,,,,,,,,,,,,,,,,,,,,0,,0,,1,,,,,,,,,,,,,,,,,,,,,,,,,,,
"Sep 10, 2020, 5:58:24 AM",Morning Ride,Ride,,1922,7.87,,false,,,,1922,1922,7878.2998046875,8.10000038146973,4.09901142120361,126.581192016602,37.9811897277832,586.400024414063,704.900024414063,9.89999961853027,1.12460815906525,,,,,,,,,,,,,,,,,,,,,,,0,,0,,1,,,,,,,,,,,,,,,,,,,,,,,,,,,
"Sep 10, 2020, 4:33:24 PM",Evening Ride,Ride,,1307,7.69,,false,,,,1307,1232,7690.7001953125,11.1000003814697,6.24245119094849,25.0714282989502,123.671424865723,586.400024414063,704.900024414063,11.8000001907349,-1.28206789493561,,,,,,,,,,,,,,,,,,,,,,,0,,0,,1,,,,,,,,,,,,,,,,,,,,,,,,,,,
"Sep 11, 2020, 1:03:36 PM",Afternoon Ride,Ride,,1362,7.62,,false,,,,1362,1264,7628.10009765625,12.3000001907349,6.03488922119141,22.761209487915,122.761207580566,586.400024414063,704.799987792969,13.3000001907349,-1.31094241142273,,,,,,,,,,,,,,,,,,,,,,,0,,0,,1,,,,,,,,,,,,,,,,,,,,,,,,,,,
"Sep 17, 2020, 6:14:28 AM",Morning Ride,Ride,,2011,8.09,,false,,,,2011,1983,8094.2001953125,11.3000001907349,4.08179521560669,127.310211181641,41.5102119445801,586.400024414063,704.900024414063,23.7999992370605,1.06001830101013,,,,,,,,,,,,,,,,,,,,,,,0,,0,,1,,,,,,,,,,,,,,,,,,,,,,,,,,,
"Sep 24, 2020, 8:04:14 AM",Morning Ride,Ride,,2279,7.8,,false,,,,2279,2254,7802.7001953125,7.5,3.46171259880066,122.623428344727,36.6234321594238,586.400024414063,704.799987792969,9.10000038146973,1.10218262672424,,,,,,,,,,,,,,,,,,,,,,,0,,0,,1,,,,,,,,,,,,,,,,,,,,,,,,,,,
"Sep 24, 2020, 4:18:38 PM",Evening Ride,Ride,,1388,7.85,,false,,,,1388,1341,7856.2998046875,13.3999996185303,5.85853862762451,30.5147972106934,128.314804077148,586.400024414063,704.900024414063,19.7999992370605,-1.24486076831818,,,,,,,,,,,,,,,,,,,,,,,0,,0,,1,,,,,,,,,,,,,,,,,,,,,,,,,,,
"Sep 25, 2020, 6:48:31 AM",Morning Ride,Ride,,2338,8.09,,false,,,,2338,2338,8098,12.3999996185303,3.46364402770996,122.642501831055,34.4425010681152,586.400024414063,704.799987792969,10.8000001907349,1.08915781974792,,,,,,,,,,,,,,,,,,,,,,,0,,0,,1,,,,,,,,,,,,,,,,,,,,,,,,,,,
"Sep 25, 2020, 1:54:48 PM",Afternoon Ride,Ride,,1419,7.63,,false,,,,1419,1307,7637,12.1000003814697,5.84315204620361,22.6737689971924,119.273773193359,586.400024414063,704.799987792969,27.1000003814697,-1.26489460468292,,,,,,,,,,,,,,,,,,,,,,,0,,0,,1,,,,,,,,,,,,,,,,,,,,,,,,,,,
"Sep 27, 2020, 8:59:14 AM",Morning Ride,Ride,,9283,10.27,,false,,,,9283,3670,10277.2001953125,14.5,2.80032706260681,171.815155029297,181.71516418457,586.200012207031,697.900024414063,23.7000007629395,-0.096329741179943,,,,,,,,,,,,,,,,,,,,,,,0,,0,,1,,,,,,,,,,,,,,,,,,,,,,,,,,,
"Oct 1, 2020, 6:22:23 AM",Morning Ride,Ride,,2100,8.15,,false,,,,2100,2100,8151.7998046875,11.3000001907349,3.88180947303772,122.645195007324,38.0451965332031,586.400024414063,704.900024414063,8.60000038146973,1.0378075838089,,,,,,,,,,,,,,,,,,,,,,,0,,0,,1,,,,,,,,,,,,,,,,,,,,,,,,,,,
"Oct 1, 2020, 4:02:43 PM",Evening Ride,Ride,,1250,7.82,,false,,,,1250,1233,7824.2998046875,13.3999996185303,6.34574222564697,20.7749996185303,121.775001525879,586.400024414063,704.799987792969,14.3000001907349,-1.29085028171539,,,,,,,,,,,,,,,,,,,,,,,0,,0,,1,,,,,,,,,,,,,,,,,,,,,,,,,,,
"Oct 8, 2020, 6:20:19 AM",Morning Ride,Ride,,2046,8.38,,false,,,,2046,2046,8384.2001953125,19.7000007629395,4.09784936904907,125.39794921875,35.9979476928711,586.400024414063,704.900024414063,12.8000001907349,1.06629133224487,,,,,,,,,,,,,,,,,,,,,,,0,,0,,1,,,,,,,,,,,,,,,,,,,,,,,,,,,
"Oct 8, 2020, 4:58:11 PM",Evening Ride,Ride,,1436,8.03,,false,,,,1436,1352,8030.2998046875,14,5.93957090377808,30.8672790527344,130.667282104492,586.400024414063,706.5,27.2999992370605,-1.24279296398163,,,,,,,,,,,,,,,,,,,,,,,0,,0,,1,,,,,,,,,,,,,,,,,,,,,,,,,,,
"Oct 9, 2020, 6:31:49 AM",Morning Ride,Ride,,1927,7.96,,false,,,,1927,1903,7966.5,10.6999998092651,4.1862850189209,122.664482116699,33.3644828796387,586.400024414063,704.900024414063,8.19999980926514,1.12094390392303,,,,,,,,,,,,,,,,,,,,,,,0,,0,,1,,,,,,,,,,,,,,,,,,,,,,,,,,,
"Oct 9, 2020, 1:03:13 PM",Afternoon Ride,Ride,,1417,7.72,,false,,,,1417,1342,7725.2001953125,11.3000001907349,5.75648307800293,25.9522609710693,124.252258300781,586.400024414063,704.900024414063,11,-1.27245891094208,,,,,,,,,,,,,,,,,,,,,,,0,,0,,1,,,,,,,,,,,,,,,,,,,,,,,,,,,
"Oct 11, 2020, 8:54:18 AM",Morning Ride,Ride,,6316,13.01,,false,,,,6316,3928,13013.2001953125,8.30000019073486,3.31293272972107,154.410293579102,165.310287475586,586.400024414063,681.200012207031,26.5,-0.083761103451252,,,,,,,,,,,,,,,,,,,,,,,0,,0,,1,,,,,,,,,,,,,,,,,,,,,,,,,,,
"Oct 16, 2020, 6:22:16 AM",Morning Ride,Ride,,2141,7.89,,false,,,,2141,2129,7898.60009765625,7.09999990463257,3.71000480651855,125.367622375488,36.6676177978516,586.400024414063,704.900024414063,8.89999961853027,1.12298381328583,,,,,,,,,,,,,,,,,,,,,,,0,,0,,1,,,,,,,,,,,,,,,,,,,,,,,,,,,
"Oct 16, 2020, 1:27:48 PM",Afternoon Ride,Ride,,1376,7.68,,false,,,,1376,1289,7682.2998046875,10.8999996185303,5.9598913192749,22.4509620666504,122.850959777832,586.400024414063,704.900024414063,11.8000001907349,-1.30690026283264,,,,,,,,,,,,,,,,,,,,,,,0,,0,,1,,,,,,,,,,,,,,,,,,,,,,,,,,,
"Oct 23, 2020, 6:31:55 AM",Morning Ride,Ride,,2249,7.93,,false,,,,2249,2203,7936.5,7.40000009536743,3.60258746147156,122.637489318848,33.4374885559082,586.400024414063,704.799987792969,8.60000038146973,1.12392115592957,,,,,,,,,,,,,,,,,,,,,,,0,,0,,1,,,,,,,,,,,,,,,,,,,,,,,,,,,
"Oct 23, 2020, 1:11:27 PM",Afternoon Ride,Ride,,1361,7.73,,false,,,,1361,1278,7738.5,11.3999996185303,6.0551643371582,26.8464603424072,126.646461486816,586.400024414063,704.900024414063,11.8999996185303,-1.28965556621552,,,,,,,,,,,,,,,,,,,,,,,0,,0,,1,,,,,,,,,,,,,,,,,,,,,,,,,,,
"Oct 29, 2020, 7:03:37 AM",Morning Ride,Ride,,2102,8.04,,false,,,,2102,2094,8040.5,7.40000009536743,3.83978033065796,126.070137023926,49.1701393127441,586.400024414063,704.5,14.5,0.956408202648163,,,,,,,,,,,,,,,,,,,,,,,0,,0,,1,,,,,,,,,,,,,,,,,,,,,,,,,,,
"Oct 29, 2020, 4:35:16 PM",Afternoon Ride,Ride,,1807,7.71,,false,,,,1807,1652,7714.89990234375,9.39999961853027,4.67003631591797,29.0151271820068,126.315124511719,586.400024414063,704.5,26.7000007629395,-1.26119589805603,,,,,,,,,,,,,,,,,,,,,,,0,,0,,1,,,,,,,,,,,,,,,,,,,,,,,,,,,
"Oct 30, 2020, 7:12:40 AM",Morning Ride,Ride,,2167,7.97,,false,,,,2167,2076,7970.7998046875,7.30000019073486,3.83949899673462,126.845565795898,38.5455627441406,586.400024414063,704.5,14.6000003814697,1.10779345035553,,,,,,,,,,,,,,,,,,,,,,,0,,0,,1,,,,,,,,,,,,,,,,,,,,,,,,,,,
"Nov 1, 2020, 10:20:08 AM",Lunch Ride,Ride,,9121,23.54,,false,,,,9121,6458,23546.69921875,8,3.64612889289856,216.185592651367,186.785598754883,586.400024414063,693.799987792969,17.2000007629395,0.124858260154724,,,,,,,,,,,,,,,,,,,,,,,0,,0,,1,,,,,,,,,,,,,,,,,,,,,,,,,,,
"Nov 5, 2020, 7:08:40 AM",Morning Ride,Ride,,2110,8.25,,false,,,,2110,2093,8255.7001953125,16.7999992370605,3.94443392753601,126.478927612305,39.078929901123,586.400024414063,704.5,28.2999992370605,1.05866253376007,,,,,,,,,,,,,,,,,,,,,,,0,,0,,1,,,,,,,,,,,,,,,,,,,,,,,,,,,
"Nov 6, 2020, 6:56:34 AM",Morning Ride,Ride,,2323,7.95,,false,,,,2323,2267,7957,6.69999980926514,3.50992512702942,126.461120605469,37.2611198425293,586.400024414063,704.5,19.1000003814697,1.12102556228638,,,,,,,,,,,,,,,,,,,,,,,0,,0,,1,,,,,,,,,,,,,,,,,,,,,,,,,,,
"Nov 6, 2020, 1:55:23 PM",Afternoon Ride,Ride,,1406,7.84,,false,,,,1406,1360,7839.5,10.8999996185303,5.76433801651001,28.8625946044922,129.16259765625,586.400024414063,704.5,31.7000007629395,-1.27941834926605,,,,,,,,,,,,,,,,,,,,,,,0,,0,,1,,,,,,,,,,,,,,,,,,,,,,,,,,,
"Nov 7, 2020, 9:59:53 AM",Morning Ride,Ride,,2987,9.66,,false,,,,2987,2733,9668.099609375,8.5,3.53754115104675,83.5533676147461,84.3533706665039,589.099975585938,628.099975585937,26.5,-0.00827463530004,,,,,,,,,,,,,,,,,,,,,,,0,,0,,1,,,,,,,,,,,,,,,,,,,,,,,,,,,
"Nov 13, 2020, 7:30:08 AM",Morning Ride,Ride,,2344,8.06,,false,,,,2344,2332,8067.2998046875,14.8999996185303,3.45939111709595,126.70051574707,41.1005172729492,586.400024414063,704.5,26.1000003814697,1.06107366085053,,,,,,,,,,,,,,,,,,,,,,,0,,0,,1,,,,,,,,,,,,,,,,,,,,,,,,,,,
"Nov 13, 2020, 2:28:01 PM",Afternoon Ride,Ride,,1506,7.81,,false,,,,1506,1439,7809.2001953125,12.6000003814697,5.42682409286499,28.9944286346436,127.394432067871,586.400024414063,704.5,40.7999992370606,-1.26005220413208,,,,,,,,,,,,,,,,,,,,,,,0,,0,,1,,,,,,,,,,,,,,,,,,,,,,,,,,,
"Nov 19, 2020, 7:34:38 AM",Morning Ride,Ride,,2060,8.04,,false,,,,2060,2052,8043,8.19999980926514,3.91959071159363,126.29817199707,37.198169708252,586.400024414063,704.5,14,1.10779559612274,,,,,,,,,,,,,,,,,,,,,,,0,,0,,1,,,,,,,,,,,,,,,,,,,,,,,,,,,
"Nov 19, 2020, 4:46:09 PM",Afternoon Ride,Ride,,1304,7.88,,false,,,,1304,1289,7888.60009765625,11.1999998092651,6.11993789672852,31.1911735534668,128.491180419922,586.400024414063,704.5,45.2000007629395,-1.23342549800873,,,,,,,,,,,,,,,,,,,,,,,0,,0,,1,,,,,,,,,,,,,,,,,,,,,,,,,,,
"Nov 20, 2020, 7:32:42 AM",Morning Ride,Ride,,2417,8.05,,false,,,,2417,2398,8053.5,8.60000038146973,3.35842370986938,128.213134765625,40.3131332397461,586.400024414063,704.5,28.2999992370605,1.09145092964172,,,,,,,,,,,,,,,,,,,,,,,0,,0,,1,,,,,,,,,,,,,,,,,,,,,,,,,,,
"Nov 20, 2020, 2:25:13 PM",Afternoon Ride,Ride,,1519,7.75,,false,,,,1519,1421,7751,10.6000003814697,5.45460939407349,28.9627094268799,125.962707519531,586.400024414063,704.5,34,-1.25145137310028,,,,,,,,,,,,,,,,,,,,,,,0,,0,,1,,,,,,,,,,,,,,,,,,,,,,,,,,,
"Nov 27, 2020, 6:48:08 AM",Morning Ride,Ride,,2497,8.04,,false,,,,2497,2396,8040.5,7.69999980926514,3.35580134391785,125.939758300781,36.6397552490234,586.400024414063,704.5,14.1000003814697,1.11062741279602,,,,,,,,,,,,,,,,,,,,,,,0,,0,,1,,,,,,,,,,,,,,,,,,,,,,,,,,,
"Nov 27, 2020, 2:54:23 PM",Afternoon Ride,Ride,,1706,7.66,,false,,,,1706,1503,7663.39990234375,9.19999980926514,5.09873580932617,29.1279792785645,126.627983093262,586.400024414063,704.5,33,-1.27228128910065,,,,,,,,,,,,,,,,,,,,,,,0,,0,,1,,,,,,,,,,,,,,,,,,,,,,,,,,,
"Dec 12, 2020, 11:31:53 AM",Lunch Ride,Ride,,6595,18.67,,false,,,,6595,4736,18673.599609375,9.80000019073486,3.94290542602539,87.3950119018555,108.195007324219,577.099975585938,630.799987792969,17,-0.111387200653553,,,,,,,,,,,,,,,,,,,,,,,0,,0,,1,,,,,,,,,,,,,,,,,,,,,,,,,,,
"Dec 17, 2020, 7:14:37 AM",Morning Ride,Ride,,2139,7.91,,false,,,,2139,2123,7917.2001953125,7.80000019073486,3.72925114631653,126.551513671875,38.4515151977539,586.400024414063,704.5,23.3999996185303,1.11276710033417,,,,,,,,,,,,,,,,,,,,,,,0,,0,,1,,,,,,,,,,,,,,,,,,,,,,,,,,,
"Dec 17, 2020, 5:11:09 PM",Evening Ride,Ride,,1401,7.81,,false,,,,1401,1309,7813.89990234375,11,5.9693660736084,32.9605178833008,126.760520935059,586.400024414063,704.5,45.0999984741211,-1.20042490959167,,,,,,,,,,,,,,,,,,,,,,,0,,0,,1,,,,,,,,,,,,,,,,,,,,,,,,,,,
"Dec 18, 2020, 7:27:15 AM",Morning Ride,Ride,,2158,7.98,,false,,,,2158,2166,7980.89990234375,7.40000009536743,3.68462610244751,126.767234802246,38.9672355651855,586.400024414063,704.5,14.3000001907349,1.10012650489807,,,,,,,,,,,,,,,,,,,,,,,0,,0,,1,,,,,,,,,,,,,,,,,,,,,,,,,,,
"Dec 18, 2020, 3:00:55 PM",Afternoon Ride,Ride,,1471,7.76,,false,,,,1471,1355,7760.39990234375,10.8999996185303,5.72723245620728,31.1296977996826,127.429695129395,586.400024414063,704.5,44.9000015258789,-1.2409154176712,,,,,,,,,,,,,,,,,,,,,,,0,,0,,1,,,,,,,,,,,,,,,,,,,,,,,,,,,
"Dec 27, 2020, 10:47:52 AM",Lunch Ride,Ride,,3674,9.57,,false,,,,3674,3022,9577.7001953125,9,3.16932487487793,113.962799072266,114.662803649902,593,652.700012207031,27.2999992370605,-0.007308644242585,,,,,,,,,,,,,,,,,,,,,,,0,,0,,1,,,,,,,,,,,,,,,,,,,,,,,,,,,
"Jan 4, 2021, 9:31:55 AM",Morning Run,Run,,2859,5.57,,false,,,,2859,2136,5570.2998046875,4.69999980926514,2.60781836509705,11.6451454162598,43.9451446533203,586.900024414063,621.400024414062,11,-0.579861044883728,,,,,,,,,,,,,,,,,,,,,,,0,,0,,1,5567.10009765625,,,,,,,,,,,,,,,,,,,,,,,,,,
"Jan 24, 2021, 11:02:32 AM",Lunch Ride,Ride,,3482,9.1,,false,,,,3482,3482,9103.2998046875,7.40000009536743,2.61438822746277,58.5747604370117,106.574760437012,586.900024414063,659.900024414063,9.69999980926514,-0.52728134393692,,,,,,,,,,,,,,,,,,,,,,,0,,0,,1,,,,,,,,,,,,,,,,,,,,,,,,,,,
"Jan 31, 2021, 10:31:28 AM",Lunch Ride,Ride,,5264,15.57,,false,,,,5264,4375,15577.400390625,9.60000038146973,3.56054854393005,117.845405578613,157.745407104492,586.900024414063,644.5,14.5,-0.256140291690826,,,,,,,,,,,,,,,,,,,,,,,0,,0,,1,,,,,,,,,,,,,,,,,,,,,,,,,,,
"Feb 7, 2021, 9:38:17 AM",Morning Ride,Ride,,4361,13.93,,false,,,,4361,3658,13938.7998046875,12.3000001907349,3.81049752235413,132.138366699219,141.83837890625,586.400024414063,704.5,10,-0.069589920341969,,,,,,,,,,,,,,,,,,,,,,,0,,0,,1,,,,,,,,,,,,,,,,,,,,,,,,,,,
"Feb 14, 2021, 12:13:58 PM",Afternoon Ride,Ride,,3588,11.55,,false,,,,3588,3291,11550.099609375,10.3000001907349,3.50960183143616,104.366241455078,115.366241455078,586.400024414063,678.799987792969,8.5,-0.095237269997597,,,,,,,,,,,,,,,,,,,,,,,0,,0,,1,,,,,,,,,,,,,,,,,,,,,,,,,,,
"Feb 19, 2021, 6:47:30 AM",Morning Ride,Ride,,2461,8.33,,false,,,,2461,2409,8333.2998046875,6.59999990463257,3.45923614501953,135.916610717773,45.6166152954102,586.400024414063,707.099975585938,21.7000007629395,1.08360433578491,,,,,,,,,,,,,,,,,,,,,,,0,,0,,1,,,,,,,,,,,,,,,,,,,,,,,,,,,
"Feb 19, 2021, 2:27:07 PM",Afternoon Ride,Ride,,1487,7.97,,false,,,,1487,1431,7971.2001953125,11.1000003814697,5.57037019729614,33.276611328125,129.076614379883,586.400024414063,703.200012207031,35.0999984741211,-1.20182657241821,,,,,,,,,,,,,,,,,,,,,,,0,,0,,1,,,,,,,,,,,,,,,,,,,,,,,,,,,
"Mar 4, 2021, 7:06:53 AM",Morning Ride,Ride,,8720,13.62,,false,,,,8720,7363,13626.7998046875,7.90000009536743,1.85071301460266,136.982421875,48.6824188232422,586.400024414063,707.099975585938,22.3999996185303,0.64798778295517,,,,,,,,,,,,,,,,,,,,,,,0,,0,,1,,,,,,,,,,,,,,,,,,,,,,,,,,,
"Mar 4, 2021, 5:19:30 PM",Evening Ride,Ride,,1391,7.7,,false,,,,1391,1287,7708.10009765625,11.1000003814697,5.9891996383667,30.4830589294434,127.983055114746,586.400024414063,703.200012207031,37.7000007629395,-1.26490318775177,,,,,,,,,,,,,,,,,,,,,,,0,,0,,1,,,,,,,,,,,,,,,,,,,,,,,,,,,
"Mar 5, 2021, 7:01:18 AM",Morning Ride,Ride,,2177,8.02,,false,,,,2177,2165,8027,6.69999980926514,3.70762133598328,129.778900146484,42.0789031982422,586.400024414063,703.200012207031,16.5,1.09256255626678,,,,,,,,,,,,,,,,,,,,,,,0,,0,,1,,,,,,,,,,,,,,,,,,,,,,,,,,,
"Mar 5, 2021, 2:22:06 PM",Afternoon Ride,Ride,,1482,7.88,,false,,,,1482,1453,7888.5,10.8000001907349,5.42911195755005,32.5028305053711,131.202835083008,586.400024414063,703.200012207031,44.7000007629395,-1.25118839740753,,,,,,,,,,,,,,,,,,,,,,,0,,0,,1,,,,,,,,,,,,,,,,,,,,,,,,,,,
"Mar 11, 2021, 6:44:27 AM",Morning Ride,Ride,,2311,8.24,,false,,,,2311,2273,8242.2001953125,7.69999980926514,3.62613296508789,129.329208374023,39.3292121887207,586.400024414063,703.200012207031,34.5999984741211,1.09194147586823,,,,,,,,,,,,,,,,,,,,,,,0,,0,,1,,,,,,,,,,,,,,,,,,,,,,,,,,,
"Mar 11, 2021, 2:26:08 PM",Afternoon Ride,Ride,,1437,7.67,,false,,,,1437,1360,7677.89990234375,12.1000003814697,5.64551448822022,33.3605766296387,131.360580444336,586.400024414063,703.200012207031,35.2000007629395,-1.27639067173004,,,,,,,,,,,,,,,,,,,,,,,0,,0,,1,,,,,,,,,,,,,,,,,,,,,,,,,,,
"Mar 12, 2021, 8:03:38 AM",Morning Ride,Ride,,2292,8.07,,false,,,,2292,2292,8074.89990234375,8.10000038146973,3.52308034896851,126.444877624512,38.5448799133301,586.400024414063,703.200012207031,13.1000003814697,1.08855831623077,,,,,,,,,,,,,,,,,,,,,,,0,,0,,1,,,,,,,,,,,,,,,,,,,,,,,,,,,
"Mar 12, 2021, 2:25:03 PM",Afternoon Ride,Ride,,1432,7.7,,false,,,,1432,1337,7706.60009765625,11.5,5.76409864425659,30.3451366424561,127.945137023926,586.400024414063,703.200012207031,36,-1.26644694805145,,,,,,,,,,,,,,,,,,,,,,,0,,0,,1,,,,,,,,,,,,,,,,,,,,,,,,,,,
"Mar 13, 2021, 11:09:23 AM",Lunch Ride,Ride,,1438,4,,false,,,,1438,1191,4005.69995117188,8.89999961853027,3.36330819129944,59.7811813354492,41.8811798095703,593,636.200012207031,17.7000007629395,0.446863234043121,,,,,,,,,,,,,,,,,,,,,,,0,,0,,1,,,,,,,,,,,,,,,,,,,,,,,,,,,
"Mar 13, 2021, 12:00:40 PM",Afternoon Ride,Ride,,1064,3.66,,false,,,,1064,1054,3661.89990234375,9,3.47428846359253,38.7716674804687,54.8716659545898,597,648.900024414063,7.30000019073486,-0.439662456512451,,,,,,,,,,,,,,,,,,,,,,,0,,0,,1,,,,,,,,,,,,,,,,,,,,,,,,,,,
"Mar 18, 2021, 4:52:53 PM",Afternoon Ride,Ride,,1583,7.72,,false,,,,1583,1507,7721.2001953125,10.1000003814697,5.12355661392212,30.8441791534424,128.244186401367,586.400024414063,703.200012207031,42.5,-1.26146197319031,,,,,,,,,,,,,,,,,,,,,,,0,,0,,1,,,,,,,,,,,,,,,,,,,,,,,,,,,
"Mar 26, 2021, 7:30:39 AM",Morning Ride,Ride,,2156,7.99,,false,,,,2156,2137,7996.89990234375,8.10000038146973,3.74211502075195,129.885314941406,41.7853164672852,586.400024414063,703.200012207031,21,1.10167694091797,,,,,,,,,,,,,,,,,,,,,,,0,,0,,1,,,,,,,,,,,,,,,,,,,,,,,,,,,
"Mar 26, 2021, 2:19:06 PM",Afternoon Ride,Ride,,1372,7.76,,false,,,,1372,1258,7765.5,12.8000001907349,6.17289352416992,30.3260173797607,127.326019287109,586.400024414063,703.200012207031,45.0999984741211,-1.24911463260651,,,,,,,,,,,,,,,,,,,,,,,0,,0,,1,,,,,,,,,,,,,,,,,,,,,,,,,,,
"Mar 28, 2021, 10:26:34 AM",Parque Oeste - El Pardo,Ride,,7006,18.86,,false,,,,7006,6063,18860.099609375,12.6000003814697,3.11068773269653,133.42301940918,153.42301940918,593.200012207031,651.599975585938,26.1000003814697,-0.106043979525566,,,,,,,,,,,,,,,,,,,,,,,0,,0,,1,,,,,,,,,,,,,,,,,,,,,,,,,,,
"Mar 28, 2021, 1:13:36 PM",El Pardo - Parque Oeste,Ride,,7466,16.82,,false,,,,7466,5608,16821.30078125,7.69999980926514,2.99951863288879,112.564949035645,93.8649520874023,593,628.200012207031,15.3999996185303,0.111168578267097,,,,,,,,,,,,,,,,,,,,,,,0,,0,,1,,,,,,,,,,,,,,,,,,,,,,,,,,,
"Apr 8, 2021, 6:29:44 AM",Morning Ride,Ride,,2143,8.06,,false,,,,2143,2123,8067.7998046875,8.89999961853027,3.80018830299377,126.473770141602,35.9737739562988,586.400024414063,703.200012207031,12.1999998092651,1.12174320220947,,,,,,,,,,,,,,,,,,,,,,,0,,0,,1,,,,,,,,,,,,,,,,,,,,,,,,,,,
"Apr 8, 2021, 4:08:07 PM",Evening Ride,Ride,,1471,7.93,,false,,,,1471,1435,7930.89990234375,11,5.5267596244812,30.8873920440674,130.287399291992,586.400024414063,703.200012207031,33.9000015258789,-1.2533255815506,,,,,,,,,,,,,,,,,,,,,,,0,,0,,1,,,,,,,,,,,,,,,,,,,,,,,,,,,
"Apr 9, 2021, 5:59:16 AM",Morning Ride,Ride,,2154,8.09,,false,,,,2154,2140,8097.5,8,3.78387856483459,127.235404968262,38.535400390625,586.400024414063,703.200012207031,22.1000003814697,1.09539985656738,,,,,,,,,,,,,,,,,,,,,,,0,,0,,1,,,,,,,,,,,,,,,,,,,,,,,,,,,
"Apr 9, 2021, 1:17:37 PM",Afternoon Ride,Ride,,1541,7.89,,false,,,,1541,1476,7891.5,11.1999998092651,5.34654474258423,26.8425216674805,127.042518615723,586.400024414063,703.200012207031,24.1000003814697,-1.26972055435181,,,,,,,,,,,,,,,,,,,,,,,0,,0,,1,,,,,,,,,,,,,,,,,,,,,,,,,,,
"Apr 15, 2021, 6:46:46 AM",Morning Ride,Ride,,2162,8.03,,false,,,,2162,2121,8036.10009765625,8.69999980926514,3.78882598876953,126.406181335449,38.0061798095703,586.400024414063,703.200012207031,12.8000001907349,1.10003614425659,,,,,,,,,,,,,,,,,,,,,,,0,,0,,1,,,,,,,,,,,,,,,,,,,,,,,,,,,
"Apr 15, 2021, 4:20:35 PM",Evening Ride,Ride,,1368,7.8,,false,,,,1368,1304,7799.2998046875,10.8000001907349,5.98105812072754,30.9028491973877,130.302856445313,586.400024414063,703.200012207031,38.5,-1.27447330951691,,,,,,,,,,,,,,,,,,,,,,,0,,0,,1,,,,,,,,,,,,,,,,,,,,,,,,,,,
"Apr 16, 2021, 5:57:39 AM",Morning Ride,Ride,,2387,8.05,,false,,,,2387,2292,8055,8.60000038146973,3.51439785957336,126.295372009277,36.7953720092773,586.400024414063,703.200012207031,12.1000003814697,1.11111116409302,,,,,,,,,,,,,,,,,,,,,,,0,,0,,1,,,,,,,,,,,,,,,,,,,,,,,,,,,
"Apr 16, 2021, 1:21:13 PM",Afternoon Ride,Ride,,1441,7.87,,false,,,,1441,1383,7875.89990234375,11.3000001907349,5.69479370117188,33.3359909057617,128.435989379883,586.400024414063,703.200012207031,39.4000015258789,-1.20748102664948,,,,,,,,,,,,,,,,,,,,,,,0,,0,,1,,,,,,,,,,,,,,,,,,,,,,,,,,,
"Apr 22, 2021, 5:14:40 AM",Morning Ride,Ride,,2518,8.18,,false,,,,2518,2511,8181.10009765625,8.5,3.25810432434082,130.404571533203,41.0045700073242,586.400024414063,703.200012207031,26.5,1.09276258945465,,,,,,,,,,,,,,,,,,,,,,,0,,0,,1,,,,,,,,,,,,,,,,,,,,,,,,,,,
"Apr 22, 2021, 4:01:11 PM",Evening Ride,Ride,,1674,8.08,,false,,,,1674,1540,8088.7001953125,11.3000001907349,5.25240278244019,28.9709529876709,128.070953369141,586.400024414063,703.200012207031,28.3999996185303,-1.22516596317291,,,,,,,,,,,,,,,,,,,,,,,0,,0,,1,,,,,,,,,,,,,,,,,,,,,,,,,,,
"Apr 29, 2021, 6:25:57 AM",Morning Ride,Ride,,2592,8.16,,false,,,,2592,2428,8161.89990234375,6.69999980926514,3.36157321929932,131.993530273438,42.8935317993164,586.400024414063,703.200012207031,26.1000003814697,1.0916576385498,,,,,,,,,,,,,,,,,,,,,,,0,,0,,1,,,,,,,,,,,,,,,,,,,,,,,,,,,
"Apr 29, 2021, 4:11:37 PM",Evening Ride,Ride,,1456,7.95,,false,,,,1456,1432,7958.2001953125,12.6999998092651,5.55740213394165,28.9862728118896,124.986274719238,586.400024414063,703.200012207031,30.5,-1.20630288124084,,,,,,,,,,,,,,,,,,,,,,,0,,0,,1,,,,,,,,,,,,,,,,,,,,,,,,,,,
"Apr 30, 2021, 6:07:57 AM",Morning Ride,Ride,,2350,8.08,,false,,,,2350,2340,8086.39990234375,7.40000009536743,3.45572638511658,129.687301635742,38.9873085021973,586.400024414063,703.200012207031,20.7000007629395,1.12163627147675,,,,,,,,,,,,,,,,,,,,,,,0,,0,,1,,,,,,,,,,,,,,,,,,,,,,,,,,,
"Apr 30, 2021, 1:26:35 PM",Afternoon Ride,Ride,,1370,7.82,,false,,,,1370,1305,7821.7001953125,12.1000003814697,5.99363994598389,30.3571758270264,129.657180786133,586.400024414063,704.5,43.0999984741211,-1.2695449590683,,,,,,,,,,,,,,,,,,,,,,,0,,0,,1,,,,,,,,,,,,,,,,,,,,,,,,,,,
"May 6, 2021, 5:50:41 AM",Morning Ride,Ride,,2188,7.92,,false,,,,2188,2169,7921.5,8.39999961853027,3.65214395523071,125.855438232422,36.455436706543,586.400024414063,704.5,14.6999998092651,1.12857413291931,,,,,,,,,,,,,,,,,,,,,,,0,,0,,1,,,,,,,,,,,,,,,,,,,,,,,,,,,
"May 6, 2021, 3:53:02 PM",Afternoon Ride,Ride,,1294,7.91,,false,,,,1294,1245,7909.5,12.8999996185303,6.35301208496094,28.987735748291,127.18773651123,586.400024414063,704.5,43.7000007629395,-1.24154496192932,,,,,,,,,,,,,,,,,,,,,,,0,,0,,1,,,,,,,,,,,,,,,,,,,,,,,,,,,
"May 7, 2021, 6:01:53 AM",Morning Ride,Ride,,2066,8.1,,false,,,,2066,2053,8108.7998046875,9,3.94973206520081,126.321319580078,36.9213218688965,586.400024414063,704.5,15.8000001907349,1.1025059223175,,,,,,,,,,,,,,,,,,,,,,,0,,0,,1,,,,,,,,,,,,,,,,,,,,,,,,,,,
"May 7, 2021, 12:58:40 PM",Afternoon Ride,Ride,,1291,7.78,,false,,,,1291,1231,7787.5,11.3999996185303,6.32615756988525,28.7298603057861,127.529861450195,586.400024414063,704.5,44.2000007629395,-1.26869988441467,,,,,,,,,,,,,,,,,,,,,,,0,,0,,1,,,,,,,,,,,,,,,,,,,,,,,,,,,
"May 14, 2021, 6:10:01 AM",Morning Ride,Ride,,2229,7.93,,false,,,,2229,2217,7931.5,8.80000019073486,3.57758235931396,126.519050598145,38.0190467834473,586.400024414063,704.5,15.8000001907349,1.11580407619476,,,,,,,,,,,,,,,,,,,,,,,0,,0,,1,,,,,,,,,,,,,,,,,,,,,,,,,,,
"May 14, 2021, 1:15:44 PM",Afternoon Ride,Ride,,1185,7.75,,false,,,,1185,1128,7758,13.1999998092651,6.87765979766846,30.0948657989502,127.594863891602,586.400024414063,704.5,39.4000015258789,-1.25676715373993,,,,,,,,,,,,,,,,,,,,,,,0,,0,,1,,,,,,,,,,,,,,,,,,,,,,,,,,,
"May 20, 2021, 6:25:23 AM",Morning Ride,Ride,,1975,8.09,,false,,,,1975,1953,8092.5,12.8000001907349,4.14362525939941,122.856956481934,30.0569591522217,586.400024414063,704.5,12,1.14674079418182,,,,,,,,,,,,,,,,,,,,,,,0,,0,,1,,,,,,,,,,,,,,,,,,,,,,,,,,,
"May 20, 2021, 4:08:10 PM",Evening Ride,Ride,,1340,7.74,,false,,,,1340,1290,7744.5,12.1000003814697,6.00348854064941,26.4268245697021,125.32682800293,586.400024414063,704.5,31.8999996185303,-1.27703535556793,,,,,,,,,,,,,,,,,,,,,,,0,,0,,1,,,,,,,,,,,,,,,,,,,,,,,,,,,
